dataset_id,demonstrator_note,effect_size,true_mean_A,true_mean_B,mean_A,sd_A,n_A,mean_B,sd_B,n_B,estimate,statistic,p.value,conf.low,conf.high,method
D1,"No effect, typical variance",0,10,10,10.244084389928549,2.0861974670570937,10,10.035655987842558,2.064725480676348,10,0.20842840208599078,0.22455432011665624,0.824855600288528,-1.7416350965311607,2.1584919007031425,Welch Two Sample t-test
D2,Medium effect,0.8,10,10.8,10.388591274257376,1.4415622714011336,10,10.821771535419204,1.928687242509763,10,-0.4331802611618283,-0.5688947689867788,0.5770153818173134,-2.042153774610522,1.1757932522868653,Welch Two Sample t-test
D3,"No effect, high variance (tricky)",0,10,10,8.47549548896441,5.09297935363399,10,9.732156120497702,2.673916496254775,10,-1.2566606315332915,-0.6908455931744627,0.5012750781296441,-5.168545770013919,2.6552245069473357,Welch Two Sample t-test
D4,Medium effect,1.5,10,11.5,10.743493463215287,1.8174815926631973,10,11.312530871525013,3.5704754857082577,10,-0.5690374083097254,-0.4491408317965118,0.6605239565901824,-3.2984173412422155,2.1603425246227643,Welch Two Sample t-test
D5,Small effect,0.4,10,10.4,9.95802465505843,1.9981142880275713,10,10.624373285683227,2.3772291779831405,10,-0.6663486306247961,-0.6785473057590438,0.5063081746504889,-2.733885064799389,1.4011878035497964,Welch Two Sample t-test
D6,"No effect, high variance (tricky)",0,10,10,9.512812766719964,4.47542798159653,10,10.751135090963416,4.829660079465465,10,-1.2383223242434518,-0.5947216463089546,0.559474330145925,-5.614650294963694,3.1380056464767896,Welch Two Sample t-test
D7,Large effect,2,10,12,9.362152320790619,1.9094282814536705,10,12.256589787016951,2.1025632957476414,10,-2.894437466226332,-3.2226750769002406,0.004763918825877015,-4.7826240246475615,-1.0062509078051027,Welch Two Sample t-test
D8,Small effect,0.6,10,10.6,9.599394171249607,2.4647169708470824,10,10.866206861720283,1.8166572859044492,10,-1.266812690470676,-1.3083533961834104,0.2086329411504558,-3.313876608526661,0.7802512275853088,Welch Two Sample t-test
